N,d_to_mean_mean,d_to_mean_std,d_to_mean_min,d_to_mean_max,frechetVar,pairwise_mean,ratio_meanToMeanPairwise,modality_class,modality_peaks,kappa_rms_meanCurve,kappa_rms_medianSamples,kappa_rms_iqrSamples,bend_meanCurve,bend_medianSamples,bend_iqrSamples
10,8.18833073590195,1.89678596612656,6.38610984896649,10.7559820045098,70.2867775416817,154.833268320913,0.453951391092532,multimodal,3,0.00191689531200278,0.00184358718283041,2.01642911838824e-05,0.00201367116881022,0.00208484980595279,2.95296413337265e-05
